Ref,Val,Package,PosX,PosY,Rot,Side
"C101","100nF","C_0603_1608Metric",21.205000,-27.355000,0.000000,top
"C102","10uF 25V","CP_Elec_5x5.8",7.495000,-29.525000,0.000000,top
"C103","100nF","C_0603_1608Metric",25.755000,-27.355000,0.000000,top
"C104","47uF 16V","CP_Elec_6.3x7.7",8.245000,-14.095000,0.000000,top
"C105","100nF","C_0603_1608Metric",5.025000,-34.745000,0.000000,top
"C110","10uF 25V","CP_Elec_5x5.8",12.045000,-22.135000,0.000000,top
"C111","10uF 25V","CP_Elec_5x5.8",21.535000,-22.135000,0.000000,top
"C201","22pF","C_0603_1608Metric",46.565000,-11.275000,0.000000,top
"C202","68nF film","C_1210_3225Metric",42.945000,-26.445000,0.000000,top
"C203","68nF film","C_1210_3225Metric",49.135000,-31.235000,0.000000,top
"C204","15nF film","C_1206_3216Metric",33.845000,-39.465000,0.000000,top
"C205","6.8nF film","C_0805_2012Metric",51.885000,-22.275000,0.000000,top
"C207","100nF","C_0603_1608Metric",46.675000,-42.935000,0.000000,top
"C208","100nF","C_0603_1608Metric",51.225000,-42.935000,0.000000,top
"C209","100nF","C_0603_1608Metric",63.575000,-28.125000,0.000000,top
"C210","100nF","C_0603_1608Metric",68.125000,-28.125000,0.000000,top
"C211","22pF","C_0603_1608Metric",72.565000,-11.275000,0.000000,top
"C212","68nF film","C_1210_3225Metric",49.135000,-26.445000,0.000000,top
"C213","68nF film","C_1210_3225Metric",42.945000,-31.235000,0.000000,top
"C214","15nF film","C_1206_3216Metric",47.495000,-35.575000,0.000000,top
"C215","6.8nF film","C_0805_2012Metric",46.895000,-22.275000,0.000000,top
"C220","22pF","C_0603_1608Metric",33.025000,-22.025000,0.000000,top
"C301","22pF","C_0603_1608Metric",72.565000,-37.275000,0.000000,top
"C302","68nF film","C_1210_3225Metric",68.945000,-52.445000,0.000000,top
"C303","68nF film","C_1210_3225Metric",59.845000,-57.235000,0.000000,top
"C304","15nF film","C_1206_3216Metric",59.845000,-65.465000,0.000000,top
"C305","6.8nF film","C_0805_2012Metric",77.885000,-48.275000,0.000000,top
"C307","100nF","C_0603_1608Metric",72.675000,-68.935000,0.000000,top
"C308","100nF","C_0603_1608Metric",77.225000,-68.935000,0.000000,top
"C309","100nF","C_0603_1608Metric",89.575000,-54.125000,0.000000,top
"C310","100nF","C_0603_1608Metric",94.125000,-54.125000,0.000000,top
"C311","22pF","C_0603_1608Metric",98.565000,-37.275000,0.000000,top
"C312","68nF film","C_1210_3225Metric",75.135000,-52.445000,0.000000,top
"C313","68nF film","C_1210_3225Metric",66.035000,-57.235000,0.000000,top
"C314","15nF film","C_1206_3216Metric",73.495000,-61.575000,0.000000,top
"C315","6.8nF film","C_0805_2012Metric",72.895000,-48.275000,0.000000,top
"C320","22pF","C_0603_1608Metric",63.575000,-48.025000,0.000000,top
"C801","1uF film","C_Rect_L7.2mm_W4.5mm_P5.00mm_FKS2_FKP2_MKS2_MKP2",82.895000,-23.925000,0.000000,top
"C803","51pF","C_0603_1608Metric",92.015000,-11.275000,0.000000,top
"C804","1uF film","C_Rect_L7.2mm_W4.5mm_P5.00mm_FKS2_FKP2_MKS2_MKP2",82.895000,-30.515000,0.000000,top
"C805","100nF","C_0603_1608Metric",96.865000,-28.745000,0.000000,top
"C901","1uF film","C_Rect_L7.2mm_W4.5mm_P5.00mm_FKS2_FKP2_MKS2_MKP2",4.895000,-42.045000,0.000000,top
"C903","51pF","C_0603_1608Metric",22.155000,-46.865000,0.000000,top
"C904","1uF film","C_Rect_L7.2mm_W4.5mm_P5.00mm_FKS2_FKP2_MKS2_MKP2",4.895000,-52.525000,0.000000,top
"C1201","100nF","C_0603_1608Metric",44.715000,-84.875000,0.000000,top
"C1202","100nF","C_0603_1608Metric",49.265000,-84.875000,0.000000,top
"C1241","100nF","C_0603_1608Metric",40.165000,-84.875000,0.000000,top
"C1301","1uF film","C_Rect_L7.2mm_W4.5mm_P5.00mm_FKS2_FKP2_MKS2_MKP2",75.985000,-86.225000,0.000000,top
"C1302","22pF","C_0603_1608Metric",71.565000,-84.455000,0.000000,top
"C1303","100nF","C_0603_1608Metric",64.615000,-109.885000,0.000000,top
"C1304","100nF","C_0603_1608Metric",69.165000,-109.885000,0.000000,top
"C1305","100nF","C_0603_1608Metric",82.815000,-109.885000,0.000000,top
"C1306","100nF","C_0603_1608Metric",58.025000,-117.975000,0.000000,top
"C1307","100nF","C_0603_1608Metric",5.025000,-140.335000,0.000000,top
"C1308","100nF","C_0603_1608Metric",9.575000,-140.335000,0.000000,top
"C1321","1uF film","C_Rect_L7.2mm_W4.5mm_P5.00mm_FKS2_FKP2_MKS2_MKP2",76.095000,-105.065000,0.000000,top
"C1322","22pF","C_0603_1608Metric",71.675000,-95.205000,0.000000,top
"C1323","100nF","C_0603_1608Metric",73.715000,-109.885000,0.000000,top
"C1324","100nF","C_0603_1608Metric",78.265000,-109.885000,0.000000,top
"C1341","1uF film","C_Rect_L7.2mm_W4.5mm_P5.00mm_FKS2_FKP2_MKS2_MKP2",4.895000,-116.675000,0.000000,top
"C1342","1uF film","C_Rect_L7.2mm_W4.5mm_P5.00mm_FKS2_FKP2_MKS2_MKP2",14.185000,-116.675000,0.000000,top
"C1343","100pF","C_0603_1608Metric",9.575000,-106.025000,0.000000,top
"C1344","1uF film","C_Rect_L7.2mm_W4.5mm_P5.00mm_FKS2_FKP2_MKS2_MKP2",23.475000,-116.675000,0.000000,top
"C1345","100nF","C_0603_1608Metric",25.265000,-132.245000,0.000000,top
"C1346","100nF","C_0603_1608Metric",29.815000,-132.245000,0.000000,top
"D1F","1N4148W","D_SOD-123",60.675000,-123.695000,0.000000,top
"D2F","1N4148W","D_SOD-123",49.785000,-135.785000,0.000000,top
"D3F","1N4148W","D_SOD-123",60.625000,-135.785000,0.000000,top
"D4F","1N4148W","D_SOD-123",65.225000,-147.875000,0.000000,top
"D5F","1N4148W","D_SOD-123",43.445000,-159.965000,0.000000,top
"D801","1N4148W","D_SOD-123",88.445000,-18.685000,0.000000,top
"D802","1N4148W","D_SOD-123",97.435000,-11.695000,0.000000,top
"D901","1N4148W","D_SOD-123",10.445000,-47.285000,0.000000,top
"D902","1N4148W","D_SOD-123",16.735000,-47.285000,0.000000,top
"D1241","1N4148W","D_SOD-123",43.545000,-59.445000,0.000000,top
"D1242","1N4148W","D_SOD-123",29.895000,-73.315000,0.000000,top
"D1243","1N5819HW","D_SOD-123",45.285000,-73.315000,0.000000,top
"D1341","1N4148W","D_SOD-123",23.985000,-121.915000,0.000000,top
"D1342","1N4148W","D_SOD-123",28.535000,-95.695000,0.000000,top
"D1343","1N4148W","D_SOD-123",5.895000,-111.435000,0.000000,top
"K1","G6K-2F-Y DC5","Relay_DPDT_Omron_G6K-2F-Y",41.195000,-127.795000,0.000000,top
"K2","G6K-2F-Y DC5","Relay_DPDT_Omron_G6K-2F-Y",52.085000,-127.795000,0.000000,top
"K3","G6K-2F-Y DC5","Relay_DPDT_Omron_G6K-2F-Y",41.195000,-139.885000,0.000000,top
"K4","G6K-2F-Y DC5","Relay_DPDT_Omron_G6K-2F-Y",41.195000,-151.975000,0.000000,top
"K5","G6K-2F-Y DC5","Relay_DPDT_Omron_G6K-2F-Y",52.085000,-151.975000,0.000000,top
"P1","TANK-RET (from tank board)","JST_XH_B6B-XH-A_1x06_P2.50mm_Vertical",13.000000,-169.000000,0.000000,top
"P2","WET-OUT (to io-board)","JST_XH_B3B-XH-A_1x03_P2.50mm_Vertical",103.000000,-5.000000,0.000000,top
"P3","FB-RET (to tank board)","JST_XH_B3B-XH-A_1x03_P2.50mm_Vertical",34.000000,-169.000000,0.000000,top
"P4","PWR (from power board)","JST_VH_B4P-VH_1x04_P3.96mm_Vertical",80.000000,-168.000000,0.000000,top
"P5","CTL-A: HPF quad 50k lin (PTD904-2015K-B503) on its filter-pot riser P1","JST_XH_B8B-XH-A_1x08_P2.50mm_Vertical",13.000000,-5.000000,0.000000,top
"P6","CTL-B: LPF quad 50k lin (PTD904-2015K-B503) on its filter-pot riser P1","JST_XH_B8B-XH-A_1x08_P2.50mm_Vertical",58.000000,-5.000000,0.000000,top
"P7","CTL-C: Ext Mix dual 10k lin, Feedback dual 10k lin","JST_XH_B12B-XH-A_1x12_P2.50mm_Vertical",114.000000,-20.000000,-90.000000,top
"P8","CTL-D: switch lines (from control deck)","JST_XH_B7B-XH-A_1x07_P2.50mm_Vertical",114.000000,-58.000000,-90.000000,top
"P9","CTL-E: Gain dual 10k lin (control deck P4)","JST_XH_B6B-XH-A_1x06_P2.50mm_Vertical",114.000000,-96.000000,-90.000000,top
"Q1201","MMBF5457","SOT-23",34.025000,-63.885000,0.000000,top
"Q1221","MMBF5457","SOT-23",29.475000,-68.875000,0.000000,top
"Q1341","MMBT3906","SOT-23",14.575000,-106.995000,0.000000,top
"R60","10k","R_0603_1608Metric",66.095000,-123.275000,0.000000,top
"R61","10k","R_0603_1608Metric",55.205000,-135.365000,0.000000,top
"R62","10k","R_0603_1608Metric",66.045000,-135.365000,0.000000,top
"R63","10k","R_0603_1608Metric",59.805000,-147.455000,0.000000,top
"R64","10k","R_0603_1608Metric",38.025000,-159.545000,0.000000,top
"R101","10k","R_0603_1608Metric",25.005000,-11.275000,0.000000,top
"R102","10k","R_0603_1608Metric",5.025000,-19.965000,0.000000,top
"R201","1.43k","R_0603_1608Metric",42.125000,-22.025000,0.000000,top
"R202","1.43k","R_0603_1608Metric",37.575000,-35.155000,0.000000,top
"R203","1M","R_0603_1608Metric",51.115000,-11.275000,0.000000,top
"R204","499R","R_0603_1608Metric",43.765000,-39.045000,0.000000,top
"R205","499R","R_0603_1608Metric",33.025000,-30.365000,0.000000,top
"R206","5.9k","R_0603_1608Metric",42.015000,-11.275000,0.000000,top
"R207","10k","R_0603_1608Metric",33.025000,-35.155000,0.000000,top
"R208","1M","R_0603_1608Metric",37.575000,-30.365000,0.000000,top
"R209","499R","R_0603_1608Metric",42.125000,-42.935000,0.000000,top
"R210","499R","R_0603_1608Metric",52.865000,-39.045000,0.000000,top
"R211","100k","R_0603_1608Metric",37.575000,-42.935000,0.000000,top
"R212","15.8k","R_0603_1608Metric",63.575000,-25.075000,0.000000,top
"R213","10k","R_0603_1608Metric",68.015000,-11.275000,0.000000,top
"R214","100R","R_0603_1608Metric",72.675000,-22.025000,0.000000,top
"R215","47k","R_0603_1608Metric",42.125000,-35.155000,0.000000,top
"R216","680R","R_0603_1608Metric",48.315000,-39.045000,0.000000,top
"R220","100k","R_0603_1608Metric",33.025000,-25.575000,0.000000,top
"R221","100k","R_0603_1608Metric",37.575000,-25.575000,0.000000,top
"R222","100k","R_0603_1608Metric",37.575000,-22.025000,0.000000,top
"R223","100k","R_0603_1608Metric",39.215000,-39.045000,0.000000,top
"R224","100k","R_0603_1608Metric",33.025000,-42.935000,0.000000,top
"R230","100R","R_0603_1608Metric",72.675000,-25.075000,0.000000,top
"R231","20k","R_0603_1608Metric",59.025000,-22.025000,0.000000,top
"R232","20k","R_0603_1608Metric",63.575000,-22.025000,0.000000,top
"R233","100R","R_0603_1608Metric",59.025000,-28.125000,0.000000,top
"R234","1M","R_0603_1608Metric",59.025000,-25.075000,0.000000,top
"R235","59k","R_0603_1608Metric",68.125000,-22.025000,0.000000,top
"R236","10k","R_0603_1608Metric",68.125000,-25.075000,0.000000,top
"R301","1.43k","R_0603_1608Metric",68.125000,-48.025000,0.000000,top
"R302","1.43k","R_0603_1608Metric",68.125000,-61.155000,0.000000,top
"R303","1M","R_0603_1608Metric",77.115000,-37.275000,0.000000,top
"R304","499R","R_0603_1608Metric",69.765000,-65.045000,0.000000,top
"R305","499R","R_0603_1608Metric",75.955000,-56.365000,0.000000,top
"R306","5.9k","R_0603_1608Metric",68.015000,-37.275000,0.000000,top
"R307","10k","R_0603_1608Metric",59.025000,-61.155000,0.000000,top
"R308","1M","R_0603_1608Metric",71.405000,-56.365000,0.000000,top
"R309","499R","R_0603_1608Metric",68.125000,-68.935000,0.000000,top
"R310","499R","R_0603_1608Metric",78.865000,-65.045000,0.000000,top
"R311","100k","R_0603_1608Metric",63.575000,-68.935000,0.000000,top
"R312","15.8k","R_0603_1608Metric",89.575000,-51.075000,0.000000,top
"R313","10k","R_0603_1608Metric",94.015000,-37.275000,0.000000,top
"R314","100R","R_0603_1608Metric",98.675000,-48.025000,0.000000,top
"R315","47k","R_0603_1608Metric",63.575000,-61.155000,0.000000,top
"R316","680R","R_0603_1608Metric",74.315000,-65.045000,0.000000,top
"R320","100k","R_0603_1608Metric",63.575000,-51.575000,0.000000,top
"R321","100k","R_0603_1608Metric",59.025000,-51.575000,0.000000,top
"R322","100k","R_0603_1608Metric",59.025000,-48.025000,0.000000,top
"R323","100k","R_0603_1608Metric",65.215000,-65.045000,0.000000,top
"R324","100k","R_0603_1608Metric",59.025000,-68.935000,0.000000,top
"R330","100R","R_0603_1608Metric",98.675000,-51.075000,0.000000,top
"R331","20k","R_0603_1608Metric",85.025000,-48.025000,0.000000,top
"R332","20k","R_0603_1608Metric",89.575000,-48.025000,0.000000,top
"R333","100R","R_0603_1608Metric",85.025000,-54.125000,0.000000,top
"R334","1M","R_0603_1608Metric",85.025000,-51.075000,0.000000,top
"R335","59k","R_0603_1608Metric",94.125000,-48.025000,0.000000,top
"R336","10k","R_0603_1608Metric",94.125000,-51.075000,0.000000,top
"R801","100k","R_0603_1608Metric",93.865000,-18.265000,0.000000,top
"R802","4.7k","R_0603_1608Metric",92.315000,-22.155000,0.000000,top
"R803","51k","R_0603_1608Metric",83.025000,-18.265000,0.000000,top
"R804","100k","R_0603_1608Metric",92.315000,-28.745000,0.000000,top
"R901","100k","R_0603_1608Metric",14.315000,-40.275000,0.000000,top
"R902","4.7k","R_0603_1608Metric",18.865000,-40.275000,0.000000,top
"R903","51k","R_0603_1608Metric",5.025000,-46.865000,0.000000,top
"R904","100k","R_0603_1608Metric",14.315000,-50.755000,0.000000,top
"R1201","22k","R_0603_1608Metric",39.025000,-62.915000,0.000000,top
"R1202","2.2k","R_0603_1608Metric",48.965000,-59.025000,0.000000,top
"R1203","1M","R_0603_1608Metric",35.315000,-72.895000,0.000000,top
"R1204","1M","R_0603_1608Metric",29.025000,-62.915000,0.000000,top
"R1205","47k","R_0603_1608Metric",29.025000,-76.785000,0.000000,top
"R1206","100k","R_0603_1608Metric",50.705000,-72.895000,0.000000,top
"R1207","100k","R_0603_1608Metric",38.015000,-48.275000,0.000000,top
"R1208","10k","R_0603_1608Metric",43.575000,-62.915000,0.000000,top
"R1221","22k","R_0603_1608Metric",48.125000,-62.915000,0.000000,top
"R1222","2.2k","R_0603_1608Metric",34.475000,-67.905000,0.000000,top
"R1223","1M","R_0603_1608Metric",39.865000,-72.895000,0.000000,top
"R1224","1M","R_0603_1608Metric",39.025000,-67.905000,0.000000,top
"R1225","47k","R_0603_1608Metric",38.125000,-76.785000,0.000000,top
"R1226","100k","R_0603_1608Metric",33.575000,-76.785000,0.000000,top
"R1227","100k","R_0603_1608Metric",29.025000,-59.025000,0.000000,top
"R1228","10k","R_0603_1608Metric",43.575000,-67.905000,0.000000,top
"R1241","20k","R_0603_1608Metric",42.565000,-48.275000,0.000000,top
"R1242","20k","R_0603_1608Metric",47.115000,-48.275000,0.000000,top
"R1243","40.2k","R_0603_1608Metric",33.575000,-59.025000,0.000000,top
"R1244","10k","R_0603_1608Metric",38.125000,-59.025000,0.000000,top
"R1245","10k","R_0603_1608Metric",48.125000,-67.905000,0.000000,top
"R1246","1.5k","R_0603_1608Metric",42.675000,-76.785000,0.000000,top
"R1247","2.2M","R_0603_1608Metric",35.615000,-84.875000,0.000000,top
"R1301","20k","R_0603_1608Metric",67.125000,-103.295000,0.000000,top
"R1302","20k","R_0603_1608Metric",58.025000,-103.295000,0.000000,top
"R1303","20k","R_0603_1608Metric",79.355000,-74.275000,0.000000,top
"R1304","20k","R_0603_1608Metric",67.015000,-84.455000,0.000000,top
"R1305","150k","R_0603_1608Metric",79.355000,-79.365000,0.000000,top
"R1306","5.1k","R_0603_1608Metric",83.905000,-79.365000,0.000000,top
"R1321","20k","R_0603_1608Metric",71.675000,-103.295000,0.000000,top
"R1322","20k","R_0603_1608Metric",62.575000,-103.295000,0.000000,top
"R1323","20k","R_0603_1608Metric",58.025000,-95.205000,0.000000,top
"R1324","20k","R_0603_1608Metric",76.225000,-95.205000,0.000000,top
"R1325","150k","R_0603_1608Metric",62.575000,-95.205000,0.000000,top
"R1326","5.1k","R_0603_1608Metric",67.125000,-95.205000,0.000000,top
"R1341","20k","R_0603_1608Metric",19.575000,-106.025000,0.000000,top
"R1342","20k","R_0603_1608Metric",24.125000,-106.025000,0.000000,top
"R1343","10k","R_0603_1608Metric",14.015000,-95.275000,0.000000,top
"R1344","10k","R_0603_1608Metric",23.115000,-95.275000,0.000000,top
"R1345","10k","R_0603_1608Metric",28.675000,-106.025000,0.000000,top
"R1346","10k","R_0603_1608Metric",15.865000,-111.015000,0.000000,top
"R1347","20k","R_0603_1608Metric",18.565000,-95.275000,0.000000,top
"R1348","10k","R_0603_1608Metric",11.315000,-111.015000,0.000000,top
"R1349","20k","R_0603_1608Metric",5.025000,-106.025000,0.000000,top
"R1350","100k","R_0603_1608Metric",20.415000,-111.015000,0.000000,top
"R1351","10k","R_0603_1608Metric",24.965000,-111.015000,0.000000,top
"R1352","182k","R_0603_1608Metric",5.025000,-121.495000,0.000000,top
"R1353","100k","R_0603_1608Metric",29.405000,-121.495000,0.000000,top
"R1354","1.82M","R_0603_1608Metric",18.565000,-121.495000,0.000000,top
"R1355","100k","R_0603_1608Metric",16.165000,-132.245000,0.000000,top
"R1356","100k","R_0603_1608Metric",20.715000,-132.245000,0.000000,top
"R1357","10k","R_0603_1608Metric",5.025000,-132.245000,0.000000,top
"RV1201","10k","Potentiometer_Bourns_3314J_Vertical",48.245000,-79.305000,0.000000,top
"RV1221","10k","Potentiometer_Bourns_3314J_Vertical",30.045000,-87.395000,0.000000,top
"RV1301","50k","Potentiometer_Bourns_3314J_Vertical",81.795000,-97.725000,0.000000,top
"RV1321","50k","Potentiometer_Bourns_3314J_Vertical",59.045000,-112.405000,0.000000,top
"RV1342","10k","Potentiometer_Bourns_3314J_Vertical",10.595000,-134.765000,0.000000,top
"U101","L78L09","SOT-89-3",15.885000,-29.125000,0.000000,top
"U102","TL072HIDR","SOIC-8_3.9x4.9mm_P1.27mm",18.235000,-13.245000,0.000000,top
"U201","OPA1679IDR","SOIC-14_3.9x8.7mm_P1.27mm",35.245000,-15.125000,0.000000,top
"U202","OPA1679IDR","SOIC-14_3.9x8.7mm_P1.27mm",61.245000,-15.125000,0.000000,top
"U301","OPA1679IDR","SOIC-14_3.9x8.7mm_P1.27mm",61.245000,-41.125000,0.000000,top
"U302","OPA1679IDR","SOIC-14_3.9x8.7mm_P1.27mm",87.245000,-41.125000,0.000000,top
"U402","TL072HIDR","SOIC-8_3.9x4.9mm_P1.27mm",85.245000,-13.245000,0.000000,top
"U1201","OPA1679IDR","SOIC-14_3.9x8.7mm_P1.27mm",31.245000,-52.125000,0.000000,top
"U1301","OPA1679IDR","SOIC-14_3.9x8.7mm_P1.27mm",60.245000,-88.305000,0.000000,top
"U1302","OPA1679IDR","SOIC-14_3.9x8.7mm_P1.27mm",11.795000,-125.345000,0.000000,top
"U1303","V2181","SIP-8_19x3mm_P2.54mm",57.525000,-75.325000,0.000000,top
"U1304","V2181","SIP-8_19x3mm_P2.54mm",57.525000,-80.415000,0.000000,top
"U1305","OPA1679IDR","SOIC-14_3.9x8.7mm_P1.27mm",7.245000,-99.125000,0.000000,top
