"Refs","Value","Footprint","Package","MPN","Manufacturer","Alt_MPN","DNP","Qty","Notes"
"P1","JXF-CIR","Connector_JST:JST_XH_B3B-XH-A_1x03_P2.50mm_Vertical","JST_XH_B3B-XH-A_1x03_P2.50mm_Vertical","B3B-XH-A(LF)(SN)","JST","","","1",""
"P2","JCIR-WET","Connector_JST:JST_XH_B3B-XH-A_1x03_P2.50mm_Vertical","JST_XH_B3B-XH-A_1x03_P2.50mm_Vertical","B3B-XH-A(LF)(SN)","JST","","","1",""
"P3","JCIR-PWR","Connector_JST:JST_VH_B3P-VH_1x03_P3.96mm_Vertical","JST_VH_B3P-VH_1x03_P3.96mm_Vertical","B3P-VH(LF)(SN)","JST","","","1",""
"P4","JCIR-CTL-A","Connector_JST:JST_XH_B16B-XH-A_1x16_P2.50mm_Vertical","JST_XH_B16B-XH-A_1x16_P2.50mm_Vertical","B16B-XH-A(LF)(SN)","JST","","","1",""
"P5","JCIR-CTL-B","Connector_JST:JST_XH_B16B-XH-A_1x16_P2.50mm_Vertical","JST_XH_B16B-XH-A_1x16_P2.50mm_Vertical","B16B-XH-A(LF)(SN)","JST","","","1",""
"C101,C102,C104,C403,C604,C503,C704","10uF","Capacitor_SMD:CP_Elec_5x5.8","CP_Elec_5x5.8","UWT1H100MCL1GB","Nichicon","","","7","50V SMD electrolytic 5x5.8"
"U101","L78L09","Package_TO_SOT_SMD:SOT-89-3","SOT-89-3","L78L09ACUTR","STMicroelectronics","","","1","SOT-89"
"C103,C105,C107,C207,C208,C209,C210,C307,C308,C309,C310,C405,C505,C805,C1101,C1102,C1241,C1201,C1202,C1303,C1304,C1323,C1324,C1305,C1306,C1345,C1346,C1307,C1308","100nF","Capacitor_SMD:C_0603_1608Metric","C_0603_1608Metric","CL10B104KB8NNNC","Samsung","","","29","X7R 50V"
"R101,R102,R207,R213,R307,R313,R403,R602,R615,R503,R702,R715,R806,R906,R1144,R1145,R1146,R1149,R1208,R1228,R1244,R1245,R1343,R1344,R1345,R1348,R1346,R1351,R1357","10k","Resistor_SMD:R_0603_1608Metric","R_0603_1608Metric","RC0603FR-0710KL","Yageo","","","29","0603 1% thick film"
"C106","47uF","Capacitor_SMD:CP_Elec_6.3x5.8","CP_Elec_6.3x5.8","UWT1E470MCL1GS","Nichicon","UWT1C470MCL1GS","","1","25V SMD electrolytic 6.3x5.8"
"U102,U401,U501,U402","TL072H","Package_SO:SOIC-8_3.9x4.9mm_P1.27mm","SOIC-8_3.9x4.9mm_P1.27mm","TL072HIDR","Texas Instruments","","","4","SOIC-8 dual, rated to 4.5 V supply"
"R201,R202,R216,R301,R302,R316","680R","Resistor_SMD:R_0603_1608Metric","R_0603_1608Metric","RC0603FR-07680RL","Yageo","","","6","0603 1% thick film"
"R203,R208,R303,R308,R404,R504,R1203,R1204,R1223,R1224","1M","Resistor_SMD:R_0603_1608Metric","R_0603_1608Metric","RC0603FR-071ML","Yageo","","","10","0603 1% thick film"
"C201,C206,C301,C306,C1302,C1322","22pF","Capacitor_SMD:C_0603_1608Metric","C_0603_1608Metric","CL10C220JB8NNNC","Samsung","","","6","C0G 50V"
"C202,C203,C302,C303","68nF film","Capacitor_SMD:C_1210_3225Metric","C_1210_3225Metric","ECH-U1C683JX5","Panasonic","","","4","PPS film 16V 5%"
"R204,R205,R209,R210,R304,R305,R309,R310","1k","Resistor_SMD:R_0603_1608Metric","R_0603_1608Metric","RC0603FR-071KL","Yageo","","","8","0603 1% thick film"
"R206,R306","5.9k","Resistor_SMD:R_0603_1608Metric","R_0603_1608Metric","RC0603FR-075K9L","Yageo","","","2","0603 1% thick film"
"R215,R315,R605,R607,R705,R707,R1143,R1205,R1225,R1243","47k","Resistor_SMD:R_0603_1608Metric","R_0603_1608Metric","RC0603FR-0747KL","Yageo","","","10","0603 1% thick film"
"R211,R311,R401,R402,R407,R601,R616,R617,R618,R501,R502,R507,R701,R716,R717,R718,R801,R804,R901,R904,R1141,R1142,R1206,R1207,R1226,R1227,R1241,R1242,R1350,R1353,R1355,R1356","100k","Resistor_SMD:R_0603_1608Metric","R_0603_1608Metric","RC0603FR-07100KL","Yageo","","","32","0603 1% thick film"
"C204,C304","15nF film","Capacitor_SMD:C_1206_3216Metric","C_1206_3216Metric","ECH-U1C153JX5","Panasonic","","","2","PPS film 16V 5%"
"C205,C305,C602,C702","6.8nF film","Capacitor_SMD:C_0805_2012Metric","C_0805_2012Metric","ECH-U1C682JX5","Panasonic","","","4","PPS film 16V 5%"
"R212,R312","15.8k","Resistor_SMD:R_0603_1608Metric","R_0603_1608Metric","RC0603FR-0715K8L","Yageo","","","2","0603 1% thick film"
"R214,R314","100R","Resistor_SMD:R_0603_1608Metric","R_0603_1608Metric","RC0603FR-07100RL","Yageo","","","2","0603 1% thick film"
"U201,U202,U301,U302,U1101,U1201,U1301,U1305,U1302","OPA1679IDR","Package_SO:SOIC-14_3.9x8.7mm_P1.27mm","SOIC-14_3.9x8.7mm_P1.27mm","OPA1679IDR","Texas Instruments","","","9","SOIC-14 quad"
"C401,C404,C601,C603,C606,C501,C504,C701,C703,C706,C801,C804,C901,C904,C1141,C1301,C1321,C1341,C1342,C1344","1uF film","Capacitor_THT:C_Rect_L7.2mm_W4.5mm_P5.00mm_FKS2_FKP2_MKS2_MKP2","C_Rect_L7.2mm_W4.5mm_P5.00mm_FKS2_FKP2_MKS2_MKP2","MKS2C041001F00KSSD","WIMA","R82EC4100AA50K (Kemet)","","20","polyester box 63V, 5 mm pitch"
"C402,C502","47nF film","Capacitor_SMD:C_1206_3216Metric","C_1206_3216Metric","ECH-U1C473JX5","Panasonic","","","2","PPS film 16V 5%"
"Q401,Q501","J201","Package_TO_SOT_THT:TO-92_Inline","TO-92_Inline","J201","InterFET","MMBFJ201 on SOT-23 adapter","","2","TO-92 JFET, InterFET is the only active TO-92 source"
"R405,R609,R610,R505,R709,R710","470R","Resistor_SMD:R_0603_1608Metric","R_0603_1608Metric","RC0603FR-07470RL","Yageo","","","6","0603 1% thick film"
"R406,R603,R612,R613,R506,R703,R712,R713,R802,R902","4.7k","Resistor_SMD:R_0603_1608Metric","R_0603_1608Metric","RC0603FR-074K7L","Yageo","","","10","0603 1% thick film"
"RV401,RV501","50k","Potentiometer_SMD:Potentiometer_Bourns_3314J_Vertical","Potentiometer_Bourns_3314J_Vertical","3314J-1-503E","Bourns","","","2","4 mm SMD trimmer"
"R408,R508","43.2k","Resistor_SMD:R_0603_1608Metric","R_0603_1608Metric","RC0603FR-0743K2L","Yageo","","","2","0603 1% thick film"
"R604,R704","82k","Resistor_SMD:R_0603_1608Metric","R_0603_1608Metric","RC0603FR-0782KL","Yageo","","","2","0603 1% thick film"
"R606,R608,R706,R708,R1101,R1121,R1201,R1221","22k","Resistor_SMD:R_0603_1608Metric","R_0603_1608Metric","RC0603FR-0722KL","Yageo","","","8","0603 1% thick film"
"Q601,Q602,Q701,Q702","MMBT3904","Package_TO_SOT_SMD:SOT-23","SOT-23","MMBT3904-7-F","Diodes Inc","","","4","SOT-23"
"R611,R711,R1150,R1202,R1222","2.2k","Resistor_SMD:R_0603_1608Metric","R_0603_1608Metric","RC0603FR-072K2L","Yageo","","","5","0603 1% thick film"
"R614,R714","15k","Resistor_SMD:R_0603_1608Metric","R_0603_1608Metric","RC0603FR-0715KL","Yageo","","","2","0603 1% thick film"
"C605,C705","3.3nF film","Capacitor_SMD:C_0805_2012Metric","C_0805_2012Metric","ECH-U1C332JX5","Panasonic","","","2","PPS film 16V 5%"
"R803,R903","51k","Resistor_SMD:R_0603_1608Metric","R_0603_1608Metric","RC0603FR-0751KL","Yageo","","","2","0603 1% thick film"
"D801,D802,D901,D902,D1141,D1142,D1241,D1242,D1342,D1343,D1341,D1,D2,D3,D4,D5,D6,D7","1N4148W","Diode_SMD:D_SOD-123","D_SOD-123","1N4148W-7-F","Diodes Inc","","","18","SOD-123"
"C803,C903","51pF","Capacitor_SMD:C_0603_1608Metric","C_0603_1608Metric","CL10C510JB8NNNC","Samsung","","","2","C0G 50V"
"R805,R905","59k","Resistor_SMD:R_0603_1608Metric","R_0603_1608Metric","RC0603FR-0759KL","Yageo","","","2","0603 1% thick film"
"VT1101,VT1121","VTL5C3","GAS_Parts:Vactrol_VTL5C3_Axial","Vactrol_VTL5C3_Axial","VTL5C3","Xvive","","","2","vactrol, sold by pedal-parts distributors (Small Bear, Tayda, Stompbox Parts); consign if PCBWay cannot source"
"R1148","120k","Resistor_SMD:R_0603_1608Metric","R_0603_1608Metric","RC0603FR-07120KL","Yageo","","","1","0603 1% thick film"
"RV1101,RV1201,RV1221,RV1342","10k","Potentiometer_SMD:Potentiometer_Bourns_3314J_Vertical","Potentiometer_Bourns_3314J_Vertical","3314J-1-103E","Bourns","","","4","4 mm SMD trimmer"
"Q1201,Q1221","2N5457","Package_TO_SOT_THT:TO-92_Inline","TO-92_Inline","2N5457","InterFET","","","2","TO-92 JFET, InterFET; screen for |Vgs(off)| < 5 V"
"D1243","1N5819HW","Diode_SMD:D_SOD-123","D_SOD-123","1N5819HW-7-F","Diodes Inc","","","1","Schottky SOD-123, detector diode"
"R1246","1.5k","Resistor_SMD:R_0603_1608Metric","R_0603_1608Metric","RC0603FR-071K5L","Yageo","","","1","0603 1% thick film"
"R1247","2.2M","Resistor_SMD:R_0603_1608Metric","R_0603_1608Metric","RC0603FR-072M2L","Yageo","","","1","0603 1% thick film"
"R1301,R1302,R1303,R1304,R1321,R1322,R1323,R1324,R1341,R1342,R1347,R1349","20k","Resistor_SMD:R_0603_1608Metric","R_0603_1608Metric","RC0603FR-0720KL","Yageo","","","12","0603 1% thick film"
"U1303,U1304","THAT2180A","Package_SIP:SIP-8_19x3mm_P2.54mm","SIP-8_19x3mm_P2.54mm","2180AL08-U","THAT","2180CL08-U","","2","SIP-8 VCA. EOL: Mouser had 1226 pcs on 2026-09-13, buy for all boards now"
"R1306,R1326","5.1k","Resistor_SMD:R_0603_1608Metric","R_0603_1608Metric","RC0603FR-075K1L","Yageo","","","2","0603 1% thick film"
"RV1301,RV1321","50k","Potentiometer_SMD:Potentiometer_Bourns_3314J_Vertical","Potentiometer_Bourns_3314J_Vertical","3314J-1-503E","Bourns","","DNP","2","4 mm SMD trimmer"
"R1305,R1325","510k","Resistor_SMD:R_0603_1608Metric","R_0603_1608Metric","RC0603FR-07510KL","Yageo","","DNP","2","0603 1% thick film"
"Q1341","MMBT3906","Package_TO_SOT_SMD:SOT-23","SOT-23","MMBT3906-7-F","Diodes Inc","","","1","SOT-23"
"C1343","100pF","Capacitor_SMD:C_0603_1608Metric","C_0603_1608Metric","CL10C101JB8NNNC","Samsung","","","1","C0G 50V"
"R1352","182k","Resistor_SMD:R_0603_1608Metric","R_0603_1608Metric","RC0603FR-07182KL","Yageo","","","1","0603 1% thick film"
"R1354","1.82M","Resistor_SMD:R_0603_1608Metric","R_0603_1608Metric","RC0603FR-071M82L","Yageo","","","1","0603 1% thick film"
"K1,K2,K3,K4,K5,K6,K7","TQ2-5V","GAS_Parts:Relay_DPDT_Panasonic_TQ2","Relay_DPDT_Panasonic_TQ2","TQ2-5V","Panasonic","","","7","DPDT 5V signal relay, no substitutes"
