Item,Designator,Qty,Value,Package,MPN,Manufacturer,Description,DNP
1,C1,1,100uF 50V,CP_Elec_8x10.5,EEE-FK1H101P,Panasonic,"input bulk, 50 V (Rev A used a 25 V part on a 30 V rail)",
2,"C2,C41",2,4.7uF 50V,C_1210_3225Metric,GRM32ER71H475KA88L,Murata,,
3,"C11,C12",2,10uF 25V,C_1206_3216Metric,CL31B106KAHNNNE,Samsung,,
4,"C21,C22",2,220uF 25V,CP_Elec_8x10.5,EEE-FK1E221P,Panasonic,,
5,"C31,C32",2,100nF,C_0603_1608Metric,CL10B104KB8NNNC,Samsung,,
6,C42,1,22uF 10V,C_1206_3216Metric,CL31A226KAHNNNE,Samsung,,
7,D1,1,SS34,D_SMA,SS34,onsemi,reverse polarity series diode,
8,D2,1,SMAJ33A,D_SMA,SMAJ33A,Littelfuse,"33 V standoff TVS (unidirectional, cathode = pin 1 on VIN_PROT)",
9,F1,1,MF-SM100/33,Fuse_1812_4532Metric,MF-SM100/33-2,Bourns,"1.1 A hold, 33 V rated",
10,"L1,L2",2,BLM21PG221SN1,L_0805_2012Metric,BLM21PG221SN1D,Murata,"ferrite, 2 A",
11,P1,1,DC-IN (from panel jack),JST_VH_B2P-VH_1x02_P3.96mm_Vertical,B2P-VH(LF)(SN),JST,"1 = centre pin (+), 2 = sleeve. 24-30 V regulated adapter, 1 A or more",
12,P2,1,PWR io-board,JST_VH_B4P-VH_1x04_P3.96mm_Vertical,B4P-VH(LF)(SN),JST,,
13,P3,1,PWR circuit-board,JST_VH_B4P-VH_1x04_P3.96mm_Vertical,B4P-VH(LF)(SN),JST,,
14,P4,1,PWR tank-board,JST_VH_B4P-VH_1x04_P3.96mm_Vertical,B4P-VH(LF)(SN),JST,,
15,P5,1,PWR spare,JST_VH_B4P-VH_1x04_P3.96mm_Vertical,B4P-VH(LF)(SN),JST,,
16,PS1,1,TEL 12-2423,Converter_DCDC_TRACO_TEL12-xxxx_THT,TEL 12-2423,TRACO Power,"18-36 Vin, +/-15 V 400 mA, 12 W, isolated",
17,PS2,1,R-78HB5.0-0.5,Converter_DCDC_RECOM_R-78E-0.5_THT,R-78HB5.0-0.5,RECOM,"9-72 V in: relay rail runs from the adapter, not from +15VA",
18,R1,1,0R,R_1206_3216Metric,RC1206JR-070RL,Yageo,"single-point input/output ground link, remove to float the adapter ground",
19,TP1,1,test points,JST_XH_B4B-XH-A_1x04_P2.50mm_Vertical,B4B-XH-A(LF)(SN),JST,meter / bench header,
