Ref,Function,Part,X_mm,Y_mm,Drill_mm,Counterbore_from_inside_mm,Extra_holes,Knob_or_face_dia_mm,Radius_from_centre_mm,Margin_to_bore_mm,Notes
J1,IN L,"Neutrik NCJ6FI-V (XLR/TRS combo, vertical PCB, jack deck)",-49.5,15.0,24.0,,"2x 3.2 at (X-10, Y+11.5) and (X+10, Y-11.5)",30.0,51.7,12.2,"D-cutout: 24.0 hole + 2x 3.2 at (-10,+11.5)/(+10,-11.5); flange 27x30; 25.4 deep + pins; panel max 7 mm"
J2,IN R,"Neutrik NCJ6FI-V (XLR/TRS combo, vertical PCB, jack deck)",-16.5,15.0,24.0,,"2x 3.2 at (X-10, Y+11.5) and (X+10, Y-11.5)",30.0,22.3,41.7,"D-cutout: 24.0 hole + 2x 3.2 at (-10,+11.5)/(+10,-11.5); flange 27x30; 25.4 deep + pins; panel max 7 mm"
J3,OUT L,"Neutrik NCJ6FI-V (XLR/TRS combo, vertical PCB, jack deck)",16.5,15.0,24.0,,"2x 3.2 at (X-10, Y+11.5) and (X+10, Y-11.5)",30.0,22.3,41.7,"D-cutout: 24.0 hole + 2x 3.2 at (-10,+11.5)/(+10,-11.5); flange 27x30; 25.4 deep + pins; panel max 7 mm"
J4,OUT R,"Neutrik NCJ6FI-V (XLR/TRS combo, vertical PCB, jack deck)",49.5,15.0,24.0,,"2x 3.2 at (X-10, Y+11.5) and (X+10, Y-11.5)",30.0,51.7,12.2,"D-cutout: 24.0 hole + 2x 3.2 at (-10,+11.5)/(+10,-11.5); flange 27x30; 25.4 deep + pins; panel max 7 mm"
J5,24-30 VDC,"Same Sky PJ-064B (5.5/2.5 mm, 5/16-32 x 5.7 bushing, control deck)",0.0,66.0,8.2,14 (leave 3.7 mm of face),,12.5,66.0,9.3,"leave 3.7 mm skin, nut only (10.8 mm), no washer"
J6,FOOTSWITCH,"XKB PJ-301C 3.5 mm TRS, vertical PCB mount, M6 bushing (control deck, LCSC C692433)",0.0,-14.0,6.4,16 (leave 5.0 mm of face),,12.2,14.0,62.1,"counterbore to a 5.0 mm skin so the bushing nose is a slip fit in the 6.4 hole and the jack mouth sits flush with the face; body 8.5 x 10.2, 14.1 mm tall; PCB soldered, no nut needed. Check the thread length on the first sample: if it is 5.5 mm or more, thin the skin to 3 mm and fit the supplied M6 nut."
S1,SOURCE Mono/Stereo/MEGA,"Dailywell 1M series PC pins (C&K 7000 style), 1/4-40 x 8.89 bushing (control deck)",-51.0,43.0,6.5,14 (leave 4.0 mm of face),,11.5,66.7,9.3,leave 2.1 mm skin; bat 10.4; nut about 11.5 across
S5,TUBE,"Dailywell 1M series PC pins (C&K 7000 style), 1/4-40 x 8.89 bushing (control deck)",-34.0,43.0,6.5,14 (leave 4.0 mm of face),,11.5,54.8,21.2,leave 2.1 mm skin; bat 10.4; nut about 11.5 across
S6,DIRT,"Dailywell 1M series PC pins (C&K 7000 style), 1/4-40 x 8.89 bushing (control deck)",-17.0,43.0,6.5,14 (leave 4.0 mm of face),,11.5,46.2,29.8,leave 2.1 mm skin; bat 10.4; nut about 11.5 across
S7,TAPE,"Dailywell 1M series PC pins (C&K 7000 style), 1/4-40 x 8.89 bushing (control deck)",0.0,43.0,6.5,14 (leave 4.0 mm of face),,11.5,43.0,33.0,leave 2.1 mm skin; bat 10.4; nut about 11.5 across
S2,EXT TANKS Ser/Off/Par,"Dailywell 1M series PC pins (C&K 7000 style), 1/4-40 x 8.89 bushing (control deck)",17.0,43.0,6.5,14 (leave 4.0 mm of face),,11.5,46.2,29.8,leave 2.1 mm skin; bat 10.4; nut about 11.5 across
S3,FB DYN Comp/Off/Limit,"Dailywell 1M series PC pins (C&K 7000 style), 1/4-40 x 8.89 bushing (control deck)",34.0,43.0,6.5,14 (leave 4.0 mm of face),,11.5,54.8,21.2,leave 2.1 mm skin; bat 10.4; nut about 11.5 across
S4,FB PHASE,"Dailywell 1M series PC pins (C&K 7000 style), 1/4-40 x 8.89 bushing (control deck)",51.0,43.0,6.5,14 (leave 4.0 mm of face),,11.5,66.7,9.3,leave 2.1 mm skin; bat 10.4; nut about 11.5 across
VR1,VOL,"Alps RK09L1240015 dual 10k lin, M9x0.75 x 5 (control deck)",-59.2,-21.6,9.5,14 (leave 1.5 mm of face),,16.0,63.0,12.3,leave 1.5 mm skin (control deck at 15.0 mm); 6 mm flatted shaft; knob 16 mm
VR2,HPF,"Bourns PTD904-2015K-B503 (4-gang 50k lin, M7x0.75, hand-wired)",-36.1,-51.6,7.5,18 (leave 3.0 mm of face),,16.0,63.0,12.2,"body 9.5 x 11, 17.2 deep, 6 mm shaft; counterbore to 3 mm; knob 16 mm"
VR3,GAIN,"Alps RK09L1240015 dual 10k lin, M9x0.75 x 5 (control deck)",0.0,-63.0,9.5,14 (leave 1.5 mm of face),,16.0,63.0,12.3,leave 1.5 mm skin (control deck at 15.0 mm); 6 mm flatted shaft; knob 16 mm
VR4,LPF,"Bourns PTD904-2015K-B503 (4-gang 50k lin, M7x0.75, hand-wired)",36.1,-51.6,7.5,18 (leave 3.0 mm of face),,16.0,63.0,12.2,"body 9.5 x 11, 17.2 deep, 6 mm shaft; counterbore to 3 mm; knob 16 mm"
VR5,OUTPUT,"Alps RK09L1240015 dual 10k lin, M9x0.75 x 5 (control deck)",59.2,-21.6,9.5,14 (leave 1.5 mm of face),,16.0,63.0,12.3,leave 1.5 mm skin (control deck at 15.0 mm); 6 mm flatted shaft; knob 16 mm
VR6,EXT MIX,"Alps RK09L1240015 dual 10k lin, M9x0.75 x 5 (control deck)",-25.5,-23.5,9.5,14 (leave 1.5 mm of face),,16.0,34.7,40.6,leave 1.5 mm skin (control deck at 15.0 mm); 6 mm flatted shaft; knob 16 mm
VR7,FEEDBACK,"Alps RK09L1240015 dual 10k lin, M9x0.75 x 5 (control deck)",0.0,-37.0,9.5,14 (leave 1.5 mm of face),,16.0,37.0,38.3,leave 1.5 mm skin (control deck at 15.0 mm); 6 mm flatted shaft; knob 16 mm
VR8,WET/DRY,"Alps RK09L1240015 dual 10k lin, M9x0.75 x 5 (control deck)",25.5,-23.5,9.5,14 (leave 1.5 mm of face),,16.0,34.7,40.6,leave 1.5 mm skin (control deck at 15.0 mm); 6 mm flatted shaft; knob 16 mm
