"Refs","Value","Footprint","DNP","Qty"
"C401,C402,C421,C422,C471,C472,C491,C492","22nF","Capacitor_SMD:C_0603_1608Metric","","8"
"C591-C594","100nF","Capacitor_SMD:C_0603_1608Metric","","4"
"C595,C596","10uF","Capacitor_SMD:CP_Elec_5x5.8","","2"
"D401,D403","1N4148WS","Diode_SMD:D_SOD-323","DNP","2"
"D402,D404","1N4148WS","Diode_SMD:D_SOD-323","","2"
"D405,D407","Clip LED","LED_SMD:LED_0805_2012Metric","DNP","2"
"D406,D408","Clip LED","LED_SMD:LED_0805_2012Metric","","2"
"D409,D411","Ge clip or adapter","Diode_THT:D_DO-35_SOD27_P7.62mm_Horizontal","DNP","2"
"D410,D412","Ge clip or adapter","Diode_THT:D_DO-35_SOD27_P7.62mm_Horizontal","","2"
"D421,D422","1N4148","Diode_SMD:D_SOD-123","","2"
"K401-K403","TQ2-5V","GAS_Parts:Relay_DPDT_Panasonic_TQ2","","3"
"P401","JXF-FILT","Connector_JST:JST_XH_B3B-XH-A_1x03_P2.50mm_Vertical","","1"
"P402","JFILT-WET","Connector_JST:JST_XH_B3B-XH-A_1x03_P2.50mm_Vertical","","1"
"P403","JFILT-CTL-A","Connector_JST:JST_XH_B12B-XH-A_1x12_P2.50mm_Vertical","","1"
"P404","JFILT-PWR","Connector_JST:JST_VH_B3P-VH_1x03_P3.96mm_Vertical","","1"
"P405","JFILT-CTL-B","Connector_JST:JST_XH_B12B-XH-A_1x12_P2.50mm_Vertical","","1"
"R402,R422","30k","Resistor_SMD:R_0603_1608Metric","","2"
"R441,R442,R445,R446","10k","Resistor_SMD:R_0603_1608Metric","","4"
"R443,R444","1k","Resistor_SMD:R_0603_1608Metric","","2"
"R471,R491","15k","Resistor_SMD:R_0603_1608Metric","","2"
"R511,R512","100R","Resistor_SMD:R_0603_1608Metric","","2"
"U401,U402","OPA1679IDR","Package_SO:SOIC-14_3.9x8.7mm_P1.27mm","","2"
