"Refs","Value","Footprint","MPN","Alt_MPN","DNP","Qty"
"C291,C292,C295","100nF","Capacitor_SMD:C_0603_1608Metric","","","","3"
"C293,C294,C296","10uF","Capacitor_SMD:CP_Elec_5x5.8","","","","3"
"D261-D264","1N4148W","Diode_SMD:D_SOD-123","","","","4"
"K201-K204","TQ2-5V","GAS_Parts:Relay_DPDT_Panasonic_TQ2","TQ2-5V","Substitutes MUST match TQ2 10-pin THT land pattern (HFD4/HFD3 are NOT drop-ins)","","4"
"P201","JIO-WETSEND","Connector_JST:JST_XH_B3B-XH-A_1x03_P2.50mm_Vertical","","","","1"
"P202","JTR-PRI","Connector_JST:JST_XH_B6B-XH-A_1x06_P2.50mm_Vertical","","","","1"
"P203","JTR-SEC","Connector_JST:JST_XH_B6B-XH-A_1x06_P2.50mm_Vertical","","","","1"
"P204","JTR-XFADE","Connector_JST:JST_XH_B3B-XH-A_1x03_P2.50mm_Vertical","","","","1"
"P205","JFB-INJ","Connector_JST:JST_XH_B3B-XH-A_1x03_P2.50mm_Vertical","","","","1"
"P206","JER-CTRL","Connector_JST:JST_XH_B10B-XH-A_1x10_P2.50mm_Vertical","","","","1"
"P207","JER-PWR","Connector_JST:JST_VH_B4P-VH_1x04_P3.96mm_Vertical","","","","1"
"R201,R205,R206,R221,R225,R226","100R","Resistor_SMD:R_0603_1608Metric","","","","6"
"R202-R204,R209,R222-R224,R229","20k","Resistor_SMD:R_0603_1608Metric","","","","8"
"R211,R231","100k","Resistor_SMD:R_0603_1608Metric","","","","2"
"U201","OPA1679IDR","Package_SO:SOIC-14_3.9x8.7mm_P1.27mm","","","","1"
